# topic	sources	score	seen_in_sn	rising_flag
# generated 2026-10-07T21:02:02.099Z; n=40
show	hn	5.01	yes	
taproot asset	sn:lightning	4.41	no	RISING
lightning network	sn:lightning	4.41	no	RISING
the origins	sn:math	4.11	yes	
combinator	sn:math	4.11	yes	
core lightning	sn:bitdevs	3.96	no	RISING
why are bond yields suddenly	sn:Stacker_Stocks	3.93	no	RISING
high	sn:Stacker_Stocks	3.93	no	RISING
chris giles	sn:Stacker_Stocks	3.93	no	RISING
fungibility	sn:bitcoin	3.72	yes	
leveling	sn:Permaculture	3.55	no	RISING
heatpunkery	sn:Permaculture	3.55	no	RISING
avalon mini	sn:Permaculture	3.55	no	RISING
daily putt	sn:gaming	3.41	no	RISING
play	sn:gaming	3.41	no	RISING
putt	sn:gaming	3.41	no	RISING
score	sn:gaming	3.41	no	RISING
nostr share	sn:Stacker_Stocks	3.39	no	RISING
predyx	sn:Stacker_Stocks	3.39	no	RISING
something	sn:Education	3.32	no	RISING
permabits livestream	sn:Permaculture	3.31	no	RISING
hashrate heating	sn:Permaculture	3.31	no	RISING
permaculture	sn:Permaculture	3.31	no	RISING
distance	sn:lol	3.3	no	RISING
texas	sn:lol	3.3	yes	
texases	sn:lol	3.3	no	RISING
one europoorean country is not like	sn:Politics_And_Law	3.25	no	RISING
others	sn:Politics_And_Law	3.25	no	RISING
france	sn:Politics_And_Law	3.25	no	RISING
bond market	sn:Politics_And_Law	3.25	no	RISING
ecdsa	sn:math	3.22	yes	
post reminded me of the classic	sn:lol	3.18	no	RISING
how many altuves	sn:lol	3.18	no	RISING
who takes	sn:Stacker_Sports	3.13	no	RISING
rushing crown	sn:Stacker_Sports	3.13	no	RISING
mostro	sn:bitcoin	3.11	yes	
europe	sn:bitcoin	3.11	yes	
notes	sn:BooksAndArticles	3.11	no	RISING
nervous planet	sn:BooksAndArticles	3.11	no	RISING
check your sleeping privilege	sn:HealthAndFitness	3.1	no	RISING
