# refreshed_at	name	stacked	active_subs
2026-09-14T11:24:01.525Z	k00b	839886	bitcoin,meta,tech,nostr
2026-09-14T11:24:01.525Z	Scoresby	816302	
2026-09-14T11:24:01.525Z	SimpleStacker	435697	math
2026-09-14T11:24:01.525Z	guerratotal	392831	AskSN
2026-09-14T11:24:01.525Z	Bell_curve	316810	bitcoin_Mining
2026-09-14T11:24:01.525Z	0xbitcoiner	297527	
2026-09-14T11:24:01.525Z	BlokchainB	198660	Stacker_Stocks,history,Construction_and_Engineering
2026-09-14T11:24:01.525Z	Coinsreporter	183886	
2026-09-14T11:24:01.525Z	Undisciplined	180800	econ
2026-09-14T11:24:01.525Z	grayruby	162761	Stacker_Sports
2026-09-14T11:24:01.525Z	login	94327	
2026-09-14T11:24:01.525Z	Aardvark	87981	
2026-09-14T11:24:01.525Z	ek	76617	security
2026-09-14T11:24:01.525Z	notifications	68249	
2026-09-14T11:24:01.525Z	satoshiplanet	56001	
2026-09-14T11:24:01.525Z	cryotosensei	46160	
2026-09-14T11:24:01.525Z	OT	41962	
2026-09-14T11:24:01.525Z	TNStacker	32332	Photography
2026-09-14T11:24:01.525Z	Kruw	31219	Coinjoins
2026-09-14T11:24:01.525Z	satwize	30601	
